District,Murder,"Hurt 
",AssaultonWomen,"KidnappingandAbduction 
",Rape,UnlawfulAssembly,"Theft 
","Burglary 
",ForgeryCheatingFraud ,OffencesRelatingtoDocumentsPropertyMarks ,"RashDrivingonPublicway 
",CriminalTrespass 
Anantapur,107,2149,422,66,104,0,604,348,843,844,688,240
Chittoor,68,1521,107,29,13,0,556,192,303,304,665,76
Cuddapah,64,1043,203,21,28,12,527,157,258,258,1299,120
East Godavari,64,1510,443,79,118,14,1045,238,382,382,1182,335
Guntakal Railway,2,13,4,0,0,0,299,0,1,1,0,1
Guntur,65,2003,361,73,64,3,705,204,749,751,712,37
Guntur Urban,38,684,231,47,59,0,716,169,754,755,602,127
Krishna,44,1669,370,69,66,1,578,122,408,410,585,227
Kurnool,89,1771,392,104,65,0,492,322,653,656,726,368
Nellore,76,1494,282,42,65,0,473,292,284,284,853,8
Prakasham,65,2175,334,32,35,2,605,265,494,495,1185,344
Rajahmundry,27,522,130,29,59,4,662,159,222,223,357,141
Srikakulam,24,1058,180,11,58,7,169,98,126,126,671,613
Tirupathi Urban,20,338,102,16,26,0,542,183,424,424,333,0
Vijayawada City,44,732,356,51,85,11,1107,216,556,559,955,166
Vijayawada Railway,1,12,1,2,0,0,497,0,3,3,0,0
Visakha Rural,36,666,154,26,59,12,231,104,167,167,465,262
Visakhapatnam,41,845,474,39,169,0,614,190,628,631,3564,145
Vizianagaram,27,860,257,79,78,1,327,126,185,186,590,218
West Godavari,54,1582,305,20,37,12,1082,404,714,715,850,470
Anjaw,0,6,2,0,1,0,7,0,1,1,0,2
Changlang,6,3,2,8,5,0,23,5,5,5,3,0
Crime Branch,0,0,0,0,0,0,0,0,4,4,0,0
Dibang Valley,0,4,1,1,0,0,2,0,0,0,0,0
Kameng East,0,8,0,1,4,0,10,2,9,9,2,0
Kameng West,4,9,5,3,1,0,32,10,15,15,10,0
Kurung Kumey,2,7,2,0,2,0,3,2,5,5,2,0
Lohit,1,3,6,4,3,0,13,11,5,5,9,0
Longding,3,7,0,4,3,0,7,12,0,0,1,2
Lower Dibang Valley,2,10,0,3,6,0,15,7,1,2,4,0
Papum Pare City,9,110,22,37,36,0,455,45,36,36,53,28
Papum Pare Rural,2,13,1,5,0,0,41,10,11,11,0,0
Siang East,1,16,5,6,7,0,32,11,13,13,9,0
Siang Upper,2,8,2,0,1,0,8,8,1,1,0,0
Siang West,2,16,8,3,3,0,7,1,5,5,5,1
Subansiri Lower,0,11,1,1,1,0,6,5,1,1,5,2
Subansiri Upper,1,17,0,2,2,0,15,5,5,5,5,0
Tawang,2,3,2,1,1,0,1,2,2,2,2,0
Tirap,1,1,3,0,0,0,11,6,4,4,1,0
Namsai,5,11,0,1,3,0,12,18,1,1,10,0
Siang,3,5,3,0,1,0,8,1,3,3,3,6
Kamle,0,12,0,1,2,0,3,0,1,1,0,0
Kra Dadi,0,1,1,1,0,0,2,0,0,0,0,0
Lower Siang,3,7,1,2,1,0,20,1,3,3,4,0
Leparada,0,8,3,1,0,0,6,1,2,2,0,3
Shiyomi,0,2,0,0,0,0,0,0,1,1,0,0
Pakkessang,0,2,4,0,0,0,6,1,1,1,1,0
BIEO,0,0,0,0,0,0,0,0,9,9,0,0
Barpeta,48,799,707,745,121,0,752,267,399,405,285,0
Baksa,28,263,61,121,29,10,127,65,89,89,98,36
Bongaigaon,18,555,117,201,53,0,382,142,179,181,139,0
CID,1,0,0,0,1,0,0,0,9,9,0,0
Cachar,52,1694,137,473,51,450,951,293,124,125,347,0
Chirang,13,113,15,128,30,9,123,64,75,77,8,41
Darrang,22,843,249,238,73,0,234,99,213,216,167,0
Dhemaji,23,282,95,139,29,4,192,36,113,114,62,0
Dhubri,36,994,550,372,159,228,900,167,523,529,176,260
Dibrugarh,73,279,65,246,28,0,761,163,393,395,89,120
GRP,10,0,5,10,0,0,208,1,21,21,0,0
Goalpara,40,210,46,163,41,0,324,180,223,227,146,132
Golaghat,41,33,66,276,38,9,356,66,121,121,92,0
Guwahati City,61,4719,241,615,63,2,4492,1070,2240,2262,558,0
Hailakandi,15,286,169,150,123,76,348,75,147,147,100,215
Hamren,10,0,4,25,6,0,28,5,7,7,0,0
Jorhat,38,854,202,257,31,0,909,276,465,466,145,0
Kamrup,65,787,268,430,109,95,1027,192,611,615,363,484
Karbi Anglong,35,215,19,108,21,0,221,33,48,48,51,0
Karimganj,45,262,73,139,49,152,436,168,115,118,120,276
Kokrajhar,28,5,94,111,41,25,311,67,115,117,80,0
Lakhimpur,46,771,152,199,50,0,238,155,241,243,133,182
Morigaon,32,832,118,409,98,0,414,188,237,238,191,0
Dima Hasao,7,26,1,21,3,1,36,6,35,35,15,0
Nagaon,78,254,111,505,116,164,714,408,410,416,260,0
Nalbari,27,554,107,151,23,6,383,108,167,167,195,55
RPO,2,0,2,4,3,0,3,2,4,4,0,0
SOU,0,0,0,0,0,0,0,0,0,0,0,0
STF,0,0,0,0,0,0,0,0,1,2,0,0
Sibsagar,26,597,89,183,15,14,429,48,176,176,93,29
Sonitpur,58,1601,250,172,70,0,419,172,412,412,0,0
Tinsukia,61,678,68,267,67,22,758,166,273,273,81,129
Udalguri,36,346,106,145,19,0,199,70,56,56,94,19
Sadia,13,68,0,15,16,0,41,25,0,0,0,0
Majuli,3,52,15,24,2,0,12,16,22,22,0,0
Biswanath,30,242,76,121,24,0,120,45,49,50,45,0
Hojai,28,843,155,250,64,25,302,81,133,134,90,125
South Salmara,15,169,38,103,52,0,106,68,84,88,22,0
Charaideo,28,81,28,64,15,0,95,23,49,49,27,0
Araria,76,2151,7,214,39,0,642,64,97,100,49,0
Arwal,11,352,4,33,3,3,124,14,37,37,15,7
Aurangabad,59,2042,9,141,36,0,547,66,146,146,80,0
Bagaha,33,966,12,107,8,0,122,36,49,49,16,0
Banka,52,1901,6,129,6,0,275,54,71,71,37,0
Begusarai,102,1945,4,163,23,0,593,107,122,122,72,0
Bettiah,48,3033,0,182,27,0,796,57,201,201,43,0
Kaimur(Bhabhua),29,740,16,102,11,0,321,67,51,51,25,0
Bhagalpur,83,2189,10,372,32,0,1028,114,233,234,57,0
Bhojpur,95,3161,4,304,19,0,1468,170,100,100,61,0
Buxar,41,1445,5,159,16,0,482,92,47,47,16,0
Darbhanga,57,2570,50,297,27,0,748,90,65,65,76,0
Gaya,129,3751,22,405,49,0,1676,202,533,533,162,0
Gopalganj,77,2827,0,286,11,0,831,87,155,155,48,0
Jamalpur Railway,6,11,1,2,0,0,177,1,6,6,0,0
Jamui,47,1269,3,150,12,0,390,55,70,70,38,0
Jehanabad,22,981,0,87,0,0,344,37,123,123,36,0
Katihar,77,1797,6,192,62,0,548,43,161,162,41,0
Katihar Railway,3,2,1,6,0,0,193,3,0,0,0,0
Khagaria,59,1863,3,181,12,0,320,60,93,93,39,0
Kishanganj,25,784,2,99,34,0,341,21,48,49,25,0
Lakhisarai,35,1071,1,134,2,0,155,50,19,19,38,0
Madhepura,86,1469,2,145,8,0,572,43,68,68,13,0
Madhubani,59,3144,5,173,21,0,667,84,64,64,46,25
Motihari,155,4938,0,345,24,0,1757,139,279,279,109,12
Munger,39,1185,10,216,8,0,263,77,127,127,43,0
Muzaffarpur,106,3975,31,701,62,0,2586,258,346,346,115,0
Muzaffarpur Railway,6,22,3,6,0,0,336,4,4,4,0,0
Nalanda,109,3950,1,462,5,0,1199,181,405,405,106,0
Naugachia,35,812,4,127,5,0,202,35,53,83,58,3
Nawadah,74,2289,3,247,11,0,750,64,170,170,75,0
Patna,195,5918,32,1103,44,0,7813,622,2066,2066,348,0
Patna Railway,6,4,0,2,0,0,604,3,4,4,1,0
Purnea,102,2062,4,354,53,0,1165,91,155,155,53,0
Rohtas,73,2201,6,235,7,0,1080,98,179,179,80,0
Saharsa,45,1356,2,119,7,0,482,44,86,86,24,0
Samastipur,99,1856,62,334,23,0,863,80,160,160,72,0
Saran,115,5457,18,503,25,0,1595,156,345,345,139,0
Sheikhpura,10,582,6,40,4,0,203,27,93,93,15,0
Sheohar,14,481,1,57,6,0,100,24,31,31,5,0
Sitamarhi,62,2669,9,353,17,17,992,138,128,128,59,0
Siwan,97,2737,2,295,13,0,1257,129,169,169,41,0
Supaul,33,1801,0,152,11,0,387,42,73,73,20,0
Vaishali,113,3064,20,484,3,0,1283,223,170,170,96,0
Economic Offences Unit,0,0,0,0,0,0,0,0,11,11,0,0
Anti Terrorist Squad,0,0,0,0,0,0,0,0,0,0,0,0
Balod,10,45,32,42,18,0,177,140,43,43,211,0
Balodbazar,27,1170,72,125,33,0,256,243,23,23,276,3
Balrampur,50,91,46,58,76,28,110,74,27,27,91,26
Bemetra,22,46,36,62,25,0,152,131,30,30,236,32
Bilaspur,56,3525,111,302,89,0,892,674,233,233,709,0
Bizapur,36,0,5,13,9,0,26,13,11,11,91,0
Dantewara,27,93,3,15,9,0,53,26,20,20,31,0
Dhamtari,16,87,33,49,23,0,174,152,24,24,176,0
Durg,42,2861,87,249,59,0,845,414,113,114,245,8
Gariyaband,19,669,27,23,21,0,71,61,32,33,163,0
GRP Raipur,2,9,0,6,1,0,209,3,1,1,0,0
Jagdalpur,31,416,21,38,44,0,167,95,50,52,0,0
Janjgir,61,1660,94,189,53,0,405,403,75,76,257,0
Jashpur,55,352,30,55,66,0,186,142,35,36,124,0
Kabirdham,19,970,67,89,26,0,143,106,33,33,197,4
Kanker,28,40,19,39,36,0,65,57,19,19,169,0
Kondagaon,19,117,19,51,10,0,61,43,24,24,9,0
Korba,41,1319,53,101,52,0,252,163,53,54,359,0
Koriya,40,1268,82,68,42,0,119,82,36,36,189,0
Mahasamund,25,585,14,88,30,0,164,116,21,22,226,24
Mungali,16,603,30,56,17,0,111,73,28,29,154,0
Narayanpur,24,60,3,10,9,0,16,14,7,7,43,0
Raigarh,71,1199,79,161,49,0,426,182,78,78,268,0
Raipur,65,3274,123,430,95,0,1548,575,253,253,1317,52
Rajnandgaon,53,1712,65,170,54,0,467,267,64,64,548,84
Sarguja,69,1011,53,100,67,0,750,209,120,120,204,52
Sukma,29,3,0,19,9,0,15,5,10,11,47,0
Surajpur,41,735,33,44,63,0,117,91,37,38,171,2
Gaurela-Pendra-Marwari,13,322,11,29,8,0,103,61,13,13,60,0
North Goa,10,213,45,37,39,5,345,78,50,51,112,35
South Goa,16,101,27,15,30,9,177,55,26,26,142,1
CID,0,0,2,0,3,0,43,0,19,19,0,0
Ahmedabad City,97,1689,141,183,83,4,2622,421,690,697,1849,104
Ahmedabad Rural,26,168,14,24,15,0,196,54,75,76,455,5
Amreli,19,157,17,33,21,0,56,48,28,30,127,13
Anand,29,113,17,40,16,3,190,90,81,81,550,4
Arvalli,14,46,9,58,10,9,190,84,44,45,205,14
Banaskantha,31,165,22,57,37,0,252,83,114,115,657,5
Bharuch,43,192,12,61,18,2,338,109,73,73,2082,17
Bhavnagar,34,310,17,45,21,0,113,85,45,47,294,7
Botad,11,54,4,13,4,0,20,14,17,18,142,3
Chhotaudepur,23,71,10,16,16,0,114,31,20,20,1100,10
CID Crime,1,0,0,0,0,0,5,0,41,41,0,0
Dahod,23,130,8,77,13,0,156,45,36,36,242,2
Dang,2,8,0,0,1,0,6,2,5,5,96,0
Devbhumi Dwarka,12,77,4,21,3,0,47,14,11,11,171,1
Gandhinagar,19,103,14,50,10,0,370,126,132,134,471,7
Gir Somnath,14,108,6,18,14,0,51,29,24,25,139,3
Jamnagar,25,156,11,40,15,0,127,75,25,25,701,11
Junagadh,14,372,11,34,8,0,164,86,46,46,342,8
Kachchh East(G),30,226,15,53,14,0,333,139,104,104,237,17
Kachchh West(B),16,142,26,43,15,0,273,137,94,95,569,12
Kheda,23,99,15,49,11,0,138,61,42,42,473,10
Mahisagar,12,55,16,15,6,1,50,32,22,22,212,4
Mehsana,26,673,13,38,14,3,266,97,72,72,357,3
Morbi,39,167,3,26,6,2,89,50,17,17,1167,7
Narmada,16,52,6,3,8,0,87,22,24,24,164,7
Navsari,10,29,5,6,2,0,80,28,28,28,3138,6
Panchmahal,21,110,11,36,15,0,168,51,32,33,601,3
Patan,15,243,21,20,15,0,212,68,56,56,361,5
Porbandar,8,99,4,6,3,0,25,17,7,7,150,14
Rajkot City,32,183,14,45,10,0,200,43,70,74,314,8
Rajkot Rural,32,136,19,17,16,0,112,66,39,40,638,10
Sabarkantha,20,71,23,53,11,0,306,75,134,134,712,11
Surat City,121,469,43,270,52,3,1555,199,558,560,1554,39
Surat Rural,35,69,9,29,10,0,174,44,63,65,1542,1
Surendranagar,33,190,12,26,15,0,138,43,47,47,331,6
Tapi,10,24,2,5,2,0,32,24,11,11,1913,0
Vadodara City,15,333,33,49,34,3,603,203,145,146,251,13
Vadodara Rural,26,171,31,22,15,0,146,53,98,98,1289,6
Valsad,20,52,12,37,9,0,138,58,110,111,1894,4
W.Rly Ahmedabad,4,12,2,2,0,0,176,4,7,7,1,0
W.Rly Vadodara,9,13,2,1,1,0,343,1,6,6,1,0
Cyber Ahmedabad Range,0,0,5,0,0,0,0,0,27,27,0,0
Cyber Bhavnagar Range,0,0,0,0,0,0,0,0,6,6,0,0
Cyber Border Range,0,0,0,0,0,0,0,0,2,2,0,0
Cyber Gandhinagar Range,0,0,1,0,0,0,1,0,6,6,0,0
Cyber Junagadh Range,0,0,0,0,0,0,0,0,67,67,0,0
Cyber Panchmahal Range,0,0,0,0,0,0,0,0,13,13,0,0
Cyber Rajkot Range,0,0,0,0,0,0,0,0,0,0,0,0
Cyber Surat Range,0,0,0,0,0,0,0,0,1,1,0,0
Cyber Vadodara Range,0,0,0,0,0,0,0,0,2,2,0,0
Ambala,30,208,88,159,59,0,807,419,151,151,197,79
Bhiwani,36,271,128,91,55,0,582,242,184,184,256,92
Faridabad,71,230,118,368,144,0,2669,395,314,314,351,67
Fatehabad,22,141,47,53,36,0,504,314,71,71,127,77
GRP,13,48,4,6,0,0,588,1,3,3,12,0
Gurugram,77,274,234,228,222,0,4842,375,534,536,571,120
Hissar,56,239,320,122,100,0,1164,614,118,120,291,254
Jhajjar,83,173,174,162,45,0,810,358,98,98,256,105
Jind,61,344,84,116,45,0,828,414,216,216,189,122
Kaithal,48,393,72,214,46,0,878,352,88,89,161,74
Karnal,69,412,241,160,130,0,1567,589,480,480,343,191
Kurukshetra,15,236,193,179,76,0,1245,422,229,229,310,79
Mahendergarh,25,123,89,61,36,0,522,244,99,99,222,37
Nuh,30,77,42,81,68,0,704,126,73,73,328,5
Palwal,62,190,89,84,56,0,985,238,203,203,295,51
Panchkula,16,70,56,76,40,0,478,179,191,193,138,33
Panipat,65,556,179,530,126,0,1635,565,380,382,267,62
Rewari,46,254,99,73,64,0,927,264,70,70,255,47
Rohtak,70,151,179,197,66,0,1525,484,487,487,294,85
Sirsa,31,421,59,119,50,0,803,565,99,101,170,165
Sonipat,114,288,162,211,96,0,1011,281,203,203,294,142
Yamunanagar,35,167,149,200,121,0,1431,649,263,264,233,86
Irrigation & Power,0,0,0,0,0,0,0,0,0,0,0,0
Charkhi Dadri,20,108,25,30,14,0,132,68,20,20,77,15
Hansi,17,171,51,34,21,0,374,231,146,147,102,49
Baddi,12,112,23,31,31,0,63,34,54,54,115,22
Bilaspur,3,347,44,22,17,2,31,14,30,30,154,62
Chamba,5,277,43,20,24,0,9,13,19,19,42,58
CID,0,0,0,0,0,0,0,0,4,4,0,0
GRP,1,1,0,0,0,0,1,0,0,0,0,0
Hamirpur,0,314,40,32,8,3,19,17,14,14,75,72
Kangra,14,694,91,67,58,3,67,59,58,59,283,199
Kinnaur,2,49,2,12,6,0,7,5,6,6,24,12
Kullu,6,245,26,19,18,0,24,24,19,19,120,78
Lahaul & Spiti,0,14,0,1,1,0,1,0,0,0,11,2
Mandi,13,780,75,60,57,1,36,13,46,46,222,116
Shimla,9,432,50,69,57,10,76,48,59,59,254,100
Sirmaur,3,46,52,37,50,3,65,43,29,30,188,68
Solan,7,27,26,38,16,1,48,11,34,36,125,46
Una,11,66,15,22,15,2,28,11,28,28,137,47
Cyber,0,0,0,0,0,0,0,0,0,0,0,0
Anantnag,8,53,113,53,13,0,120,117,30,31,254,47
Awantipora,0,54,42,19,1,0,34,28,12,12,105,40
Bandipora,4,163,43,30,10,0,37,20,8,8,65,0
Baramulla,5,157,124,56,13,0,98,63,37,37,198,45
Budgam,4,55,217,70,17,0,105,99,34,35,149,223
Crime Jammu,0,0,0,0,0,0,0,0,32,32,0,0
Crime Srinagar,0,0,0,0,0,0,0,0,41,41,0,0
Doda,6,132,28,35,10,0,20,24,7,7,210,71
Ganderbal,2,123,72,28,1,0,60,29,17,17,108,20
Handwara,1,92,29,32,0,0,69,26,12,13,89,6
Jammu,18,1027,106,139,53,0,512,277,111,113,944,246
Kathua,6,39,18,44,9,0,93,60,16,16,339,105
Kishtwar,4,78,16,22,4,0,9,16,10,10,92,38
Kulgam,5,29,191,39,23,0,97,50,18,18,109,0
Kupwara,2,24,152,50,18,0,80,42,13,14,133,0
Poonch,8,227,76,38,23,0,39,38,23,23,202,197
Pulwama,3,119,54,22,8,0,72,34,15,15,64,21
Railways Jammu,0,2,0,0,0,0,3,0,0,0,0,0
Railways Kashmir,0,0,0,0,0,0,4,0,0,0,0,0
Railways Katra,0,0,0,0,0,0,3,0,0,0,2,0
Rajouri,13,438,64,60,32,0,66,72,30,30,313,305
Ramban,1,98,29,18,11,0,29,30,9,9,244,10
Reasi,7,14,22,28,12,0,56,24,9,9,213,55
Samba,2,9,11,31,12,0,106,76,25,26,286,76
Shopian,1,27,69,32,5,0,112,28,9,10,61,0
Sopore,4,142,118,48,7,0,108,64,10,10,78,25
Srinagar,23,439,204,86,17,0,378,219,55,55,297,20
Udhampur,9,14,53,33,16,0,87,49,7,7,327,113
Cyber Crime Jammu,0,0,0,0,0,0,0,0,0,0,0,0
Cyber Crime Kashmir,0,0,0,0,0,0,0,0,0,0,0,0
Anti Narcotic Task Force Jammu,0,0,0,0,0,0,0,0,0,0,0,0
Bokaro,57,915,45,129,110,29,716,113,144,144,33,0
Chaibasa,109,58,15,15,80,0,141,29,30,31,29,0
Chatra,46,520,26,39,28,0,185,32,49,49,35,0
Deoghar,70,316,100,99,51,0,542,89,83,83,57,0
Dhanbad,71,272,77,87,115,0,1226,166,181,181,147,0
Dhanbad Railway,3,13,0,2,0,0,286,0,1,1,1,0
Dumka,57,205,63,68,33,0,309,86,24,24,71,13
Garhwa,102,524,146,136,52,0,218,70,87,87,64,0
Giridih,74,506,160,63,61,0,368,65,108,108,0,0
Godda,56,169,92,110,81,0,249,74,92,93,47,0
Gumla,120,72,8,53,65,0,164,25,41,41,28,9
Hazaribagh,85,1062,32,83,106,0,527,139,385,385,88,0
Jamshedpur,89,1490,66,181,93,0,805,128,455,455,0,0
Jamshedpur Railway,2,7,2,2,0,0,101,1,0,0,0,0
Jamtara,28,122,28,22,21,1,81,23,19,19,16,10
Khunti,61,7,4,20,21,0,124,13,41,41,115,0
Koderma,25,326,43,59,11,0,152,16,55,56,37,0
Latehar,42,106,44,39,34,0,97,37,58,58,28,7
Lohardagga,22,188,5,36,30,0,104,29,36,36,30,0
Pakur,36,55,16,54,55,0,101,10,28,28,0,0
Palamu,87,706,136,112,49,2,297,89,104,104,83,0
Ramgarh,28,166,11,37,25,1,197,32,100,100,58,0
Ranchi,163,1292,63,209,206,0,1966,415,259,259,43,0
Sahebganj,48,187,133,44,46,0,159,27,69,69,25,0
Saraikela,54,185,17,40,21,0,325,66,120,120,53,2
Simdega,38,5,3,28,31,0,64,12,12,13,30,0
Bagalkot,39,172,153,37,7,0,218,96,90,90,481,19
Bengaluru City,155,2167,585,811,117,0,6066,789,2532,2552,2654,323
Bengaluru District,51,526,121,168,17,0,1060,254,341,342,1246,97
Belagavi District,92,427,317,87,26,0,433,191,162,162,1049,48
Ballari,40,313,141,76,13,0,548,152,154,154,734,41
Bidar,41,579,39,38,5,0,286,156,48,49,828,54
Vijayapura,76,273,141,73,15,0,326,126,97,99,511,14
Chikkaballapura,44,429,98,45,14,0,239,113,87,87,400,52
Chamarajnagar,22,257,160,18,6,0,96,57,32,32,343,8
Chikkamagaluru,24,566,164,77,19,0,229,87,68,68,637,63
Chitradurga,24,471,294,105,17,0,232,116,76,77,1112,28
Dakshina Kannada,9,265,52,27,15,0,84,57,43,43,616,28
Davanagere,33,277,151,105,14,0,465,151,110,110,735,63
Dharwad,18,110,33,18,5,0,114,48,27,27,252,17
Gadag,11,128,49,38,5,0,86,44,27,27,155,7
Kalaburgi,41,371,124,55,15,0,369,98,23,24,497,29
Hassan,52,889,221,79,18,0,364,120,114,114,1392,41
Haveri,23,251,63,24,12,0,250,101,72,72,535,13
Hubballi Dharwad City,14,200,55,47,12,0,314,150,99,101,323,16
K.G.F.,15,129,19,13,5,0,75,34,23,23,70,1
Kodagu,19,306,43,43,4,0,107,58,43,43,322,26
Kolar,28,341,80,46,8,0,255,78,81,81,384,37
Koppal,14,143,82,30,12,0,214,87,38,38,374,43
Mandya,54,901,315,133,11,0,448,170,116,116,1325,67
Mangaluru City,12,177,63,26,13,0,181,68,122,123,674,24
Mysuru City,23,281,53,63,8,0,445,128,177,177,534,36
Mysuru District,57,786,227,84,13,0,453,233,119,119,963,58
Raichur,36,249,228,33,28,0,342,58,108,108,398,39
K.Railways,18,14,4,2,1,0,764,1,7,8,1,0
Ramanagara,55,580,166,82,9,0,432,143,175,175,814,80
Shimoga,37,724,294,99,19,0,393,185,180,181,981,74
Tumakuru,70,791,157,134,16,0,478,235,198,200,1424,83
Udupi,10,220,61,25,6,0,103,82,100,101,821,33
Uttara Kannada,19,266,130,39,4,0,109,89,41,42,760,17
Yadgiri,21,179,143,31,19,0,141,42,33,33,283,27
Belagavi City,21,137,31,27,9,0,209,117,105,105,319,21
Kalaburgi City,39,195,48,41,18,0,212,104,66,66,340,13
Alapuzha,24,1059,264,16,34,60,147,86,272,273,8741,188
Ernakulam Commr.,10,495,182,13,73,150,230,76,416,418,3292,41
Ernakulam Rural,20,1124,303,28,41,135,232,131,377,380,11464,269
Idukki,17,912,170,18,37,56,115,56,179,180,4471,56
Kannur City,12,458,98,12,20,0,57,67,128,129,1197,91
Kasargod,11,485,142,25,35,67,96,78,99,102,1727,60
Kollam Commr.,13,765,184,11,21,0,128,73,174,174,2535,65
Kollam Rural,28,786,259,10,38,7,107,67,198,199,5819,54
Kottayam,22,895,200,22,39,286,141,103,288,289,15417,39
Kozhikode Commr.,5,518,160,21,37,24,227,128,294,294,2550,76
Kozhikode Rural,12,843,249,31,33,1,88,96,164,165,1909,122
Malappuram,15,1041,366,45,69,147,193,161,282,282,2573,32
Palakkad,23,1161,226,27,52,27,159,140,265,265,4916,58
Pathanamthitta,13,839,156,6,27,207,100,76,538,540,4455,78
Railways,0,20,34,0,2,0,149,0,1,1,0,0
Thrissur Commr.,17,768,157,9,33,101,154,103,445,447,4230,49
Thrissur Rural,17,824,211,16,35,164,124,73,315,316,2572,36
Trivandrum Commr.,15,619,158,11,30,121,255,94,238,242,2580,44
Trivandrum Rural,38,1163,366,22,72,194,256,221,273,274,3396,50
Wayanadu,12,453,98,17,27,9,103,51,121,121,721,12
Crime Branch,0,1,0,0,2,0,1,0,27,27,0,0
Kannur Rural,13,350,76,4,14,2,57,67,120,121,760,45
Agar,12,1045,50,31,12,0,170,63,12,12,211,4
Alirajpur,51,790,32,59,43,0,127,40,19,19,296,0
Anuppur,41,1183,51,107,44,0,258,107,67,67,223,5
Ashok Nagar,30,1732,84,73,27,0,187,92,22,22,374,44
Balaghat,46,2509,125,183,87,0,338,212,28,30,529,77
Barwani,41,1379,73,81,35,0,200,72,69,69,573,11
Betul,60,1922,33,129,26,0,259,100,40,40,625,42
Bhind,32,2395,112,118,31,0,415,220,82,82,644,10
Bhopal,65,6018,350,553,240,3,1944,691,700,704,2580,205
Bhopal Railway,2,20,9,7,1,0,1973,7,4,5,0,0
Burhanpur,8,1385,80,58,19,0,145,51,44,45,252,26
Chhatarpur,43,557,122,212,50,0,481,243,38,40,505,115
Chhindwara,73,1765,46,149,68,0,307,65,26,26,779,69
Damoh,34,2538,105,165,31,0,167,154,15,15,478,41
Datia,28,383,53,52,23,0,170,68,46,46,245,52
Dewas,48,3743,143,161,50,0,720,136,74,74,927,38
Dhar,63,3415,196,375,131,0,963,209,73,73,1376,32
Dindori,21,1034,54,114,30,0,62,45,21,21,441,63
Guna,33,2508,161,164,119,0,386,131,42,42,396,52
Gwalior,88,1130,279,316,180,0,2141,718,270,271,1491,276
Harda,18,1409,68,94,27,0,139,68,26,27,250,3
Hoshangabad,49,2629,121,175,63,0,382,145,37,38,591,134
Indore,81,6774,332,830,200,0,4802,757,421,424,3147,141
Indore Railway,0,11,9,8,3,0,524,3,3,3,3,0
Jabalpur,76,6516,295,330,101,0,1023,514,123,126,3467,71
Jabalpur Railway,1,6,5,2,0,0,1381,2,2,2,4,0
Jhabua,26,71,26,107,40,0,132,41,18,19,634,12
Katni,37,2548,84,226,41,0,353,131,94,94,769,90
Khandwa,39,199,135,176,38,0,301,114,39,39,602,0
Khargone,35,2327,137,204,47,0,449,152,44,46,583,21
Mandla,34,152,44,174,33,0,111,86,17,17,600,27
Mandsaur,25,190,136,118,45,0,510,143,55,56,491,7
Morena,44,2034,121,132,67,0,600,201,108,108,718,120
Narsinghpur,32,1551,76,167,39,0,186,95,23,23,496,8
Neemuch,19,1146,43,73,15,0,168,72,34,34,275,25
Panna,27,410,86,180,42,0,206,150,24,24,408,15
Raisen,42,2158,87,262,51,0,271,126,46,46,660,0
Rajgarh,25,942,174,167,74,0,260,100,44,45,619,0
Ratlam,34,349,103,221,44,0,476,150,92,93,960,85
Rewa,57,1337,97,430,61,0,1159,619,119,120,1264,112
Sagar,73,5419,188,295,87,0,447,258,87,87,1171,189
Satna,58,647,85,365,51,0,431,189,62,62,1280,76
Seoni,33,454,76,181,35,0,182,77,39,39,559,135
Shahdol,40,2413,74,207,42,0,606,202,67,68,419,116
Shajapur,10,1574,93,56,31,0,220,65,22,22,293,10
Sheopur,9,705,32,27,18,0,134,53,9,9,109,34
Shivpuri,58,1025,190,183,95,0,471,204,69,69,655,14
Sidhi,28,478,25,194,32,0,397,149,31,31,549,0
Sehore,33,351,122,111,54,0,437,143,91,91,719,84
Singrauli,44,367,49,110,32,0,398,85,78,78,440,83
Tikamgarh,23,1729,46,109,27,0,181,60,26,26,231,6
Ujjain,37,2271,192,216,55,0,1106,241,123,123,1235,64
Umaria,15,1072,40,61,30,0,96,76,18,18,249,0
Vidisha,41,1791,166,172,67,0,497,227,46,46,805,43
Cyber Crime Cell,0,0,0,0,0,0,0,0,0,0,0,0
Niwari,12,779,45,41,13,0,54,27,28,28,122,57
Ahmednagar,101,2554,668,449,87,18,3123,796,314,315,690,174
Akola,36,1437,202,98,41,12,815,89,87,87,248,58
Amravati Commr.,21,730,210,114,57,40,840,210,111,112,331,47
Amravati Rural,49,1375,186,152,37,19,962,161,95,95,339,32
Aurangabad Commr.,35,1084,172,166,49,28,1391,146,269,270,365,88
Aurangabad Rural,41,1056,190,100,29,15,1071,152,75,75,259,51
Beed,59,1309,339,128,59,18,1256,231,203,203,305,80
Bhandara,30,486,78,74,29,12,477,125,44,45,340,55
Buldhana,47,2059,325,137,43,38,1241,247,100,100,307,133
Chandrapur,48,1362,198,215,41,9,893,204,111,111,724,103
Dhule,40,546,74,123,14,4,601,194,94,94,373,34
Gadchiroli,39,295,42,50,14,5,262,96,47,47,118,15
Gondia,30,464,89,76,33,29,397,113,54,54,171,33
Hingoli,23,674,84,43,16,6,367,82,43,43,153,62
Jalgaon,63,927,269,226,42,15,1781,401,271,273,333,73
Jalna,54,1244,313,106,35,61,1255,217,208,208,122,37
Kolhapur,50,1137,273,211,74,73,1541,318,197,199,675,127
Latur,56,1317,133,136,27,31,858,196,88,89,388,117
Mumbai Commr.,162,4594,1625,1590,364,17,7820,1684,4899,4914,2282,95
Mumbai Railway,10,60,35,10,5,1,5839,6,64,64,1,0
Nagpur Commr.,95,1186,253,415,115,45,2590,793,488,494,799,81
Nagpur Railway,0,11,7,3,0,0,674,2,2,2,0,0
Nagpur Rural,57,1034,111,104,27,12,1081,241,74,75,622,55
Nanded,73,1782,205,140,54,22,1278,292,108,109,432,147
Nandurbar,32,260,35,77,7,0,335,137,28,28,165,23
Nasik Commr.,29,401,68,214,33,3,754,210,126,126,323,26
Nasik Rural,63,1441,207,384,32,10,1108,263,216,218,642,55
Navi Mumbai,45,636,172,306,93,0,1653,388,576,577,425,44
Osmanabad,33,854,147,92,35,8,742,194,94,95,371,76
Palghar,31,357,58,90,26,4,356,140,71,72,201,18
Parbhani,29,1319,122,89,25,6,957,200,68,68,183,144
Pune Commr.,100,1087,348,571,96,12,2421,449,635,636,638,78
Pune Railway,1,8,4,2,0,0,399,0,3,4,0,0
Pune Rural,105,1794,466,408,111,11,2344,481,393,394,609,185
Raigad,38,391,71,135,23,13,407,161,169,170,310,48
Ratnagiri,12,251,47,83,19,8,230,111,107,107,221,23
Sangli,68,1434,236,259,68,25,1716,487,340,341,623,162
Satara,55,1063,300,237,42,1,1151,322,152,154,396,114
Sindhudurg,9,253,57,24,7,30,140,55,35,36,108,21
Solapur Commr.,18,357,98,79,28,31,575,182,164,164,111,51
Solapur Rural,72,2415,437,233,83,9,2306,350,198,199,490,148
Thane Commr.,89,1875,371,846,141,1,2910,783,735,738,569,96
Thane Rural,21,454,86,156,31,6,452,136,86,86,154,60
Wardha,33,1422,146,112,16,3,592,129,54,54,926,76
Washim,22,928,146,65,16,17,456,83,34,34,149,25
Yavatmal,67,1510,263,203,65,28,1037,176,95,95,456,65
Pimpri Chinchwad City,85,923,273,463,68,2,2146,355,411,417,1103,71
Aurangabad Railway,2,17,9,6,1,0,1841,0,2,2,0,0
Mira Bhayandar Vasai Virar Commr.,52,1091,320,502,138,20,1777,513,741,743,359,67
Bishnupur,5,14,0,6,5,0,32,1,3,3,23,0
Chandel,0,0,0,1,0,0,12,0,1,1,0,0
Churachandpur,2,6,4,3,0,0,17,6,3,3,3,2
CID,0,0,19,0,0,0,0,0,13,13,0,0
Imphal East,8,36,11,13,4,0,302,2,20,21,41,0
Imphal West,5,38,35,21,9,0,409,8,35,35,97,2
Senapati,1,1,0,1,1,0,2,0,1,1,4,1
Tamenglong,2,0,0,2,0,0,0,0,1,1,1,0
Thoubal,6,49,20,14,2,1,80,29,13,13,52,5
Ukhrul,1,2,0,0,0,0,18,0,2,2,7,0
Kakching,2,5,3,13,4,0,23,5,4,4,32,2
Kamjong,0,1,0,0,0,0,0,1,0,0,0,0
Kangpokpi,6,5,0,4,0,0,4,0,3,3,7,0
Jiribam,3,2,0,2,0,0,8,0,2,2,1,0
Noney,3,2,0,2,0,0,1,0,0,0,6,2
Pherzawl,1,0,0,2,0,0,2,0,0,0,1,0
Tengnoupal,1,2,0,1,1,0,8,0,6,6,4,1
Narcotic,0,0,0,0,0,0,0,0,0,0,0,0
Garo Hills East,3,5,3,2,3,0,10,6,7,7,1,3
Garo Hills North,4,1,1,5,1,0,12,1,9,9,1,0
Garo Hills South,2,1,2,3,2,0,15,1,4,5,1,0
Garo Hills South West,2,8,2,3,0,0,27,0,2,2,0,7
Garo Hills West,15,23,17,36,12,0,85,15,51,51,27,9
Jaintia Hills West,13,23,3,6,6,0,42,0,10,10,4,3
Jaintia Hills East,9,6,5,25,12,0,38,7,16,19,7,0
Khasi Hills East,15,78,43,36,23,0,391,62,203,203,32,6
Khasi Hills South West,3,7,2,1,1,0,15,6,0,0,0,6
Khasi Hills West,5,4,5,0,10,0,22,6,6,7,2,0
Ri-Bhoi,9,20,9,6,5,0,70,9,23,23,15,2
Cyber Cell,0,0,0,0,0,0,0,0,0,0,0,0
Aizawl,10,60,19,0,11,0,863,390,156,157,13,42
Champhai,5,1,0,0,2,0,8,14,5,5,0,0
Kolasib,1,10,2,0,4,0,48,23,1,2,2,3
Lawngtlai,0,4,2,0,2,0,15,10,0,0,2,0
Lunglei,5,7,1,1,3,0,38,44,6,6,1,0
Mamit,2,8,4,1,2,0,40,29,4,4,1,1
Saiha,1,7,2,0,0,0,22,16,2,2,1,0
Serchhip,0,4,1,0,0,0,35,6,1,1,1,1
Spl Narcotic,0,0,0,0,0,0,0,0,0,0,0,0
Saitual,0,6,0,0,0,0,0,0,0,0,0,0
Khawzawl,0,1,0,0,2,0,5,6,0,0,1,0
Hnahthial,0,3,0,0,0,0,7,9,1,1,0,0
Cyber,0,0,0,0,0,0,0,0,0,0,0,0
Dimapur,11,12,2,36,1,0,287,25,30,30,7,2
Kiphire,0,0,0,0,0,0,6,0,0,0,0,1
Kohima,1,5,2,4,1,0,34,9,9,9,2,0
Longleng,0,0,1,0,0,0,15,0,0,0,1,1
Mokokchung,2,3,2,1,0,0,16,1,3,3,2,1
Mon,6,1,1,1,2,0,36,18,3,3,0,0
Peren,1,0,0,1,0,0,3,0,0,0,0,0
Phek,2,0,0,2,0,0,6,0,1,1,0,0
Tuensang,0,1,3,0,0,0,7,14,0,0,1,0
Wokha,3,3,0,0,0,0,11,0,1,1,0,0
Zunheboto,1,0,0,3,0,0,7,10,0,0,1,0
Angul,49,1633,513,165,45,0,489,156,216,216,263,0
Balasore,76,130,519,367,67,7,821,223,150,150,208,0
Baragarh,38,236,371,141,30,0,266,157,65,66,102,0
Berhampur,32,0,404,121,29,0,283,82,95,95,121,0
Bhadrak,40,2239,435,270,45,0,409,168,146,147,134,0
Bolangir,51,80,499,156,22,0,505,177,397,397,158,0
Boudh,23,0,100,36,8,0,53,20,12,12,73,0
Cuttack,42,1739,302,160,80,0,222,182,126,126,193,0
DCP BBSR,47,2585,330,309,51,0,2058,458,879,884,412,0
DCP CTC,26,2191,277,162,39,0,601,168,377,377,259,0
Deogarh,15,254,122,18,22,2,63,20,39,39,65,27
Dhenkanal,36,450,550,189,40,0,240,114,108,108,251,0
Gajapati,11,0,124,39,37,0,48,35,42,42,68,0
Ganjam,79,0,1361,233,96,0,442,137,187,188,293,0
Jagatsinghpur,40,0,779,166,45,0,235,165,157,157,152,0
Jajpur,81,564,946,399,82,0,548,221,171,172,262,0
Jharsuguda,19,173,122,63,24,0,228,105,96,97,124,0
Kalahandi,40,0,433,188,97,0,200,117,216,216,187,0
Kandhamal,17,0,205,83,38,0,132,83,58,58,140,0
Kendrapara,42,224,1121,223,47,0,188,255,135,135,147,0
Keonjhar,75,0,547,260,33,0,370,174,94,94,435,0
Khurda,35,237,447,96,14,0,364,111,54,54,120,0
Koraput,44,2,412,183,40,0,205,166,93,96,162,0
Malkangiri,30,0,201,127,27,0,72,51,118,119,52,0
Mayurbhanj,96,635,651,404,140,0,676,313,221,223,343,0
Nayagarh,46,824,264,89,11,0,171,99,63,63,133,0
Nabarangpur,29,46,282,168,38,0,134,55,106,106,130,0
Nuapada,10,0,169,92,11,0,112,82,46,46,81,0
Puri,57,1624,1280,248,45,0,609,265,171,171,278,0
Rayagada,32,238,118,109,28,56,118,70,60,60,180,0
Rourkela,34,346,235,133,40,0,495,200,117,117,208,0
Sambalpur,37,669,425,103,27,0,566,251,243,245,251,0
Sonepur,21,1,129,40,10,0,152,70,35,35,106,0
SRP(Cuttack),2,15,4,0,0,0,470,4,7,7,2,1
SRP(Rourkela),2,0,4,3,2,0,192,11,2,2,1,0
Sundargarh,39,273,166,82,46,4,271,168,51,51,153,39
CID CB,1,0,6,0,0,0,16,0,85,85,0,0
Amritsar Rural,55,238,26,93,27,0,193,125,93,93,31,53
Barnala,16,181,12,68,16,0,262,76,35,35,50,33
Batala,27,227,22,49,10,0,124,94,78,79,18,18
Bathinda,42,317,34,62,33,0,296,167,89,89,91,87
CP Amritsar,32,210,37,96,21,0,1351,221,213,213,36,87
CP Jalandhar,20,171,42,91,5,0,367,172,203,204,45,32
CP Ludhiana,46,472,44,150,34,0,1520,293,259,259,111,84
Faridkot,15,126,24,25,7,0,140,79,56,56,32,41
Fatehgarh Sahib,16,151,17,54,6,0,153,77,103,103,73,6
Fazilka,27,286,26,63,61,0,119,87,77,77,25,102
Ferozepur,35,280,19,52,22,0,160,78,76,76,0,57
GRP,12,15,3,0,2,0,172,0,2,2,5,0
Gurdaspur,13,100,9,30,11,0,73,60,129,129,16,8
Hoshiarpur,24,229,29,72,15,0,217,115,135,135,63,0
Jalandhar Rural,33,268,41,53,10,0,323,172,154,154,26,46
Kapurthala,28,243,32,43,12,0,246,110,84,86,37,9
Khanna,18,253,14,70,7,0,133,68,106,107,48,12
Ludhiana Rural,20,129,7,49,10,0,121,83,89,89,31,33
Mansa,16,166,21,37,14,0,169,71,85,86,44,40
Moga,25,101,3,22,6,0,71,56,35,38,19,20
Muktsar,16,141,19,52,18,0,146,101,39,39,35,30
Pathankot,7,56,9,29,10,0,71,30,95,95,27,9
Patiala,43,625,52,115,22,0,584,275,323,327,252,110
Ropar,10,145,33,42,11,0,107,63,92,92,85,26
Sangrur,20,319,23,44,18,0,250,107,120,120,103,71
SAS Nagar,32,197,23,223,33,0,761,207,179,182,192,0
SBS Nagar,17,101,14,23,8,0,90,63,100,100,33,16
Tarn Taran,49,251,21,64,10,0,110,116,73,74,14,51
Bureau of Investigation,0,0,12,0,0,0,0,0,16,16,0,0
Intelligence Wing,0,0,0,0,0,0,0,0,0,0,0,0
NRI Wing,0,0,0,0,1,0,2,0,117,117,0,10
Special Task Force,0,0,0,0,0,0,0,0,0,0,0,0
Malerkotla,9,112,10,16,4,0,87,33,23,23,22,25
Ajmer,55,2305,658,358,229,22,1417,311,1534,1535,612,143
Alwar,84,2219,335,277,288,0,1835,216,814,815,482,842
Banswara,42,691,156,288,136,52,282,130,116,117,276,0
Baran,37,1301,293,187,130,10,478,103,257,257,258,114
Barmer,46,505,356,134,236,8,608,241,303,303,321,1601
Bharatpur,99,575,141,338,303,0,1585,124,1022,1022,350,0
Bhilwara,42,1194,465,361,230,382,879,339,820,821,467,507
Bikaner,47,193,228,107,177,1,464,155,506,507,197,0
Bundi,25,873,242,158,116,135,347,130,244,246,337,0
Chittorgarh,30,935,192,243,115,39,862,225,342,343,258,0
Churu,44,438,96,122,163,0,385,123,369,371,192,0
Dausa,41,129,65,169,141,1094,895,122,563,565,318,0
Dholpur,48,1111,143,141,103,0,560,63,239,239,193,0
Dungarpur,38,484,122,251,101,0,129,37,131,131,265,254
GRP Ajmer,2,47,9,3,2,0,575,0,1,1,0,0
GRP Jodhpur,0,7,1,1,1,0,141,0,0,0,2,0
Ganganagar,67,1303,264,216,193,0,512,216,839,841,170,98
Hanumangarh,61,958,207,105,198,0,329,194,578,579,113,0
Jaipur East,32,696,215,165,125,309,2491,266,1085,1088,543,42
Jaipur North,14,279,97,112,87,19,1124,114,676,676,145,0
Jaipur Rural,51,403,170,158,159,253,1166,186,842,843,604,2
Jaipur South,30,359,140,133,128,0,2309,238,1026,1026,396,0
Jaipur West,42,520,134,203,162,15,1936,191,1365,1368,499,0
Jaisalmer,14,550,120,38,20,0,197,73,138,138,52,0
Jalore,38,1280,283,121,93,0,361,253,233,236,155,0
Jhalawar,47,1110,250,223,162,291,605,86,194,196,270,71
Jhunjhunu,53,1798,126,184,135,0,607,179,814,814,344,0
Jodhpur East,20,451,206,74,73,0,814,127,521,521,179,0
Jodhpur West,24,501,188,88,88,0,1079,179,430,432,190,24
Jodhpur Rural,38,880,178,93,114,0,516,212,308,308,172,367
Karauli,52,50,161,184,138,187,658,69,373,374,125,0
Kota City,27,823,246,165,168,1,1097,97,819,822,300,37
Kota Rural,29,264,227,116,98,35,363,79,179,179,182,0
Nagaur,53,1445,290,217,183,0,836,243,641,646,257,66
Pali,43,147,328,260,174,0,657,245,666,670,177,0
Pratapgarh,35,500,222,179,215,4,196,88,118,118,125,64
Rajsamand,28,746,174,169,101,168,435,172,287,289,297,187
Sawai Madhopur,39,193,237,146,117,0,629,68,386,388,161,0
Sikar,53,468,201,265,197,0,1181,166,1143,1146,490,0
Sirohi,41,480,173,97,113,0,375,126,224,225,150,0
Tonk,26,1204,117,158,90,64,503,146,327,327,235,4
Udaipur,93,1768,430,465,326,221,1024,330,702,705,744,145
Jaipur Metro,0,0,0,0,0,0,0,0,0,0,0,0
SCRB,0,0,0,0,0,0,0,0,0,0,0,0
SOG,0,0,0,0,0,0,0,0,29,30,0,0
SSB,0,0,0,0,0,0,0,0,0,0,0,0
Jaipur Crime,0,0,0,0,0,0,0,0,15,15,0,0
Bhiwadi,56,1708,193,245,209,134,1431,159,1129,1129,327,272
East,8,32,11,29,4,0,24,33,43,43,70,2
North,1,0,0,2,0,0,0,0,0,0,4,0
South,2,20,4,4,2,0,7,7,6,6,28,4
West,3,16,1,4,2,0,1,3,8,8,21,1
CID,0,0,1,0,0,0,0,0,11,11,0,0
Ariyalur,18,540,8,7,14,59,77,53,23,23,384,5
Chennai,161,2947,146,71,45,1270,4054,714,811,817,4059,66
Coimbatore,56,561,8,4,8,70,208,195,63,65,1333,2
Coimbatore City,30,942,10,11,12,299,554,176,176,179,634,0
Cuddalore,46,3246,23,83,27,119,252,157,77,77,2402,0
Dharmapuri,28,618,18,20,6,0,110,54,29,29,932,0
Dindigul,47,1937,40,12,5,373,260,133,71,73,1238,43
Erode,44,782,12,10,5,0,297,104,37,38,1358,9
Kanchipuram,30,217,4,2,6,10,167,109,34,35,677,3
Kanyakumari,28,1180,32,38,9,1,421,185,106,113,918,17
Karur,22,238,7,11,3,268,128,69,30,30,718,2
Krishnagiri,66,616,11,21,7,0,169,109,25,29,1191,10
Madurai,67,637,30,12,13,0,386,183,100,101,1136,98
Madurai City,35,409,22,10,9,0,484,127,216,216,466,115
Nagapattinam,46,738,54,19,16,0,145,82,36,36,804,0
Namakkal,41,611,31,12,4,0,118,81,45,45,1321,0
Nilgiris,15,150,9,1,5,0,48,44,13,14,178,0
Perambalur,20,127,19,3,2,642,129,83,11,11,347,2
Pudukottai,30,1278,57,8,8,465,282,102,33,34,1009,16
Ramnathapuram,56,1547,23,22,8,82,227,167,80,83,789,0
Railway Chennai,3,34,4,1,1,0,1119,0,5,5,0,0
Railway Trichy,0,20,0,0,0,0,150,0,0,0,0,0
Salem,51,1407,71,43,8,0,160,103,40,41,1363,0
Salem City,25,358,17,79,3,19,302,65,44,45,537,1
Sivagangai,42,1301,21,5,13,5,185,90,86,86,641,0
Thanjavur,57,1907,88,22,13,770,289,175,114,128,1433,7
Theni,36,1054,27,4,7,93,136,89,80,81,734,49
Thirunelveli,54,1548,25,10,7,30,215,145,34,34,622,19
Thirunelveli City,9,159,14,3,1,3,154,41,38,39,317,7
Thiruvallur,38,836,13,3,15,0,148,123,141,141,956,51
Thiruvannamalai,36,570,12,19,21,60,179,82,55,55,945,2
Thiruvarur,28,649,22,24,10,0,81,68,17,18,459,0
Thoothukudi,50,1316,36,20,15,190,315,172,103,103,882,17
Tiruppur,41,670,8,11,5,54,253,126,31,32,1437,19
Tiruppur City,20,366,3,2,2,67,156,70,29,29,498,13
Trichy,46,597,31,22,16,51,331,165,64,64,1056,18
Trichy City,17,572,12,7,4,0,254,64,53,53,273,0
Vellore,26,294,9,17,2,148,157,61,37,40,581,7
Villupuram,25,1188,17,45,19,15,242,122,138,138,1628,152
Virudhunagar,46,780,15,5,18,0,195,94,91,92,863,36
Cyber Cell,0,0,0,0,0,0,0,0,4,4,0,0
Other Units,0,0,0,0,0,0,0,0,0,0,0,0
Chengalpattu,27,949,15,4,8,0,155,78,2,4,1162,0
Kallakurichi,29,488,7,46,15,171,114,70,25,26,815,0
Ranipet,23,211,13,4,1,6,149,40,50,50,594,0
Tiruppattur,23,410,11,44,3,71,133,55,31,34,491,5
Tenkasi,48,1202,22,4,3,434,186,132,58,58,754,7
Cyberabad Commissionerate,136,2209,551,554,123,0,3922,897,6119,6121,3596,1428
Hyderabad Commissionerate,98,1819,420,513,116,5,2419,369,4673,4679,1983,334
Karimnagar Commissionerate,12,638,137,43,24,0,117,87,361,361,392,443
Khammam Commissionerate,21,906,154,126,29,40,286,242,330,330,529,364
Nizamabad Commissionerate,50,867,82,30,7,0,479,185,269,269,345,277
Rachakonda Commissionerate,88,1972,667,322,156,0,1946,763,2851,2852,1989,1236
Ramagundam Commissionerate,32,1069,214,78,41,1,370,190,659,660,504,587
Siddipet Commissionerate,18,862,154,43,15,0,572,187,231,231,510,666
Warangal Commissionerate,53,1694,221,183,45,0,468,199,741,742,749,0
Adilabad,14,302,51,23,10,1,73,52,99,99,122,54
Bhadradri Kothagudem,18,696,150,100,29,56,209,156,211,211,237,365
Jagityal,29,762,173,53,24,5,166,121,344,344,202,0
Jayashankar Bhupalpalli,14,313,70,33,2,0,32,24,97,97,110,77
Jogulamba Gadwal,20,345,49,30,5,0,279,54,237,237,85,126
Kamareddy ,42,845,79,14,25,0,312,181,232,233,296,294
Kumaram Bheem Asifabad,18,239,49,38,8,0,65,27,267,268,91,12
Mahabubabad,21,518,141,63,6,0,65,66,179,179,145,172
Mahabubnagar,28,512,101,93,9,0,183,114,149,149,242,22
Medak,36,503,71,29,3,0,201,124,140,140,200,201
Nagarkurnool,25,625,97,37,7,0,107,58,146,146,182,194
Nalgonda,54,725,181,71,22,0,190,129,488,488,352,541
Nirmal,15,395,49,33,7,0,92,75,71,71,149,85
Rajanna Siricilla,14,458,88,24,10,0,86,54,180,181,94,0
Sangareddy,75,641,65,23,20,0,340,203,264,266,366,0
Suryapet,30,986,204,63,36,2,244,87,354,354,258,51
Vikarabad,35,536,74,58,12,0,128,108,122,122,250,163
Wanaparthy,9,343,27,11,8,0,155,34,90,90,134,33
Railway Police Secunderabad,1,1,8,0,0,0,434,0,5,5,0,0
Mulug,6,180,19,36,10,0,28,19,56,56,69,63
Narayanpet,14,239,19,36,14,0,49,26,100,100,54,98
Dhalai,18,103,7,14,3,0,17,9,12,12,20,14
Gomati,14,146,13,12,11,0,44,8,9,9,41,0
GRP,1,3,0,0,0,0,2,1,0,0,1,0
Kowai,11,160,3,20,8,0,27,17,15,15,28,0
North,13,102,9,16,5,0,35,23,16,16,25,0
Sipahijala,16,167,4,13,2,0,28,12,16,17,42,7
South,9,92,9,10,1,0,20,13,12,12,23,7
Unakoti,15,137,14,18,10,0,17,8,23,23,18,0
West,25,316,35,33,21,1,171,53,88,89,100,12
Agra,102,2148,323,235,99,0,1917,306,526,530,421,187
Aligarh,109,690,400,623,57,0,1098,157,368,368,491,50
Prayagraj,113,863,326,297,96,0,1349,405,334,336,908,0
Ambedkar Nagar,32,444,79,107,11,2,219,55,90,90,106,221
Amethi,32,2415,46,58,29,0,212,55,84,84,99,0
Amroha,37,107,66,50,40,0,343,30,36,37,0,0
Auraiya,32,264,96,120,23,0,203,46,113,113,304,328
Azamgarh,41,434,146,255,39,0,396,111,127,127,226,0
Badaun,62,841,105,158,33,0,282,44,53,53,210,45
Baghpat,54,247,53,258,25,0,334,38,113,113,112,0
Bahraich,35,1776,165,385,32,0,410,130,220,221,260,134
Ballia,42,389,72,163,24,10,268,42,147,147,116,43
Balrampur,17,152,57,141,24,0,80,28,94,94,67,7
Banda,51,777,109,132,31,0,186,72,48,50,268,25
Barabanki,65,277,106,168,41,0,192,60,113,114,298,1420
Bareilly,71,469,238,381,22,0,892,147,336,338,606,0
Basti,28,112,86,133,61,0,163,73,91,91,130,0
Bijnor,38,668,79,15,29,0,357,35,140,140,567,0
Bulandshahar,69,2868,168,117,53,0,1062,138,337,341,455,9
Chandoli,24,236,49,39,17,1,174,51,44,44,68,44
Chitrakoot,9,218,60,25,30,0,83,37,21,21,109,29
Deoria,20,759,10,24,6,0,99,38,104,104,830,0
Etah,27,2356,106,68,10,0,265,30,155,155,0,84
Etawah,59,603,66,112,23,0,377,39,146,146,295,212
Ayodhya,52,173,142,305,46,2,424,56,324,325,210,245
Fatehgarh,53,212,32,110,30,0,167,47,115,115,327,0
Fatehpur,37,522,151,136,33,0,251,92,76,76,255,54
Firozabad,98,397,238,407,107,0,846,113,258,259,373,345
GRP,13,18,41,21,5,0,2903,0,16,16,0,0
Gautambudh Nagar,80,142,112,426,46,0,2136,145,404,407,424,0
Ghaziabad,80,4724,162,118,61,0,4133,239,526,528,526,271
Ghazipur,48,367,229,125,21,5,348,87,119,121,112,259
Gonda,19,510,48,133,20,0,134,34,86,87,377,0
Gorakhpur,144,417,270,464,100,0,902,185,346,348,479,0
Hamirpur,24,497,73,47,15,0,112,57,37,37,159,0
Hapur,51,947,142,490,28,0,514,5,164,166,131,0
Hardoi,66,2804,199,186,65,0,257,108,171,171,450,0
Hathras,28,456,155,161,34,0,381,43,40,40,142,4
Jalaun,29,117,60,93,17,0,186,40,76,76,145,14
Jaunpur,48,2294,67,135,32,0,434,84,97,98,207,22
Jhansi,35,546,93,92,35,0,216,35,75,76,387,289
Kannauj,49,39,160,255,52,0,183,31,76,76,226,0
Kanpur Dehat,41,469,87,178,12,0,157,38,126,126,330,160
Kanpur Commissionarate,48,66,134,152,35,0,691,108,296,299,516,41
Kasganj,55,93,206,220,35,0,203,44,62,62,154,0
Kaushambi,34,86,58,130,10,0,213,67,43,43,170,0
Khiri,62,402,106,284,36,0,284,55,145,145,181,0
Kushi Nagar,33,1238,120,315,12,0,272,80,58,58,432,136
Lalitpur,17,223,47,21,11,0,65,24,27,27,111,84
Lucknow Commissionarate,101,1182,332,773,97,3,1932,455,1914,1914,831,313
Maharajganj,21,156,17,43,11,0,160,48,46,46,208,34
Mahoba,19,294,64,51,18,0,82,33,32,32,118,0
Mainpuri,61,867,96,239,52,0,372,57,105,105,300,0
Mathura,82,345,386,246,77,0,1770,180,266,266,435,0
Mau,21,1392,64,145,40,0,254,44,141,141,147,0
Meerut,113,755,156,442,103,1,2190,154,277,279,496,758
Mirzapur,25,206,31,56,12,0,145,39,40,40,136,8
Moradabad,50,2237,274,267,51,0,979,77,241,242,94,0
Muzaffarnagar,61,1757,25,39,33,0,411,49,67,68,210,0
Pilibhit,41,1255,101,335,59,0,168,60,196,196,252,10
Pratapgarh,69,3302,137,267,48,0,470,127,160,160,835,0
Raibareilly,39,3106,91,260,33,0,291,117,101,101,189,0
Rampur,32,786,50,169,74,0,249,40,106,106,181,98
Saharanpur,34,325,131,118,37,0,360,45,378,380,383,232
Sambhal,48,690,90,125,45,0,328,33,104,104,116,176
Sant Kabirnagar,14,244,90,94,37,0,66,24,35,36,99,0
Shahjahanpur,61,1026,176,141,9,0,123,26,259,260,410,76
Shamli,35,238,116,62,25,0,258,46,99,99,92,0
Shrawasti,22,220,73,114,12,0,50,15,101,101,40,5
Sidharthnagar,15,12,63,110,22,0,101,18,61,61,77,0
Sitapur,71,3740,60,214,9,0,278,61,155,155,214,0
Sonbhadra,31,731,28,75,26,0,192,41,67,68,0,3
Bhadohi,17,263,39,107,17,0,151,41,66,66,0,0
Sultanpur,58,2937,138,301,39,0,470,126,194,194,227,499
Unnao,44,2457,112,279,27,0,324,93,95,96,341,3
Varanasi Commissionarate,26,2089,87,91,52,9,912,171,776,776,115,34
Lucknow Grameen,22,218,44,100,1,0,30,33,29,29,0,0
Kanpur Outer,40,100,135,134,9,0,193,40,38,38,341,19
Vasanasi Dehat,31,1816,44,89,17,0,262,86,173,173,132,8
Almora,7,9,14,4,13,0,17,6,27,27,0,0
Bageshwar,6,0,15,1,2,0,9,4,0,0,0,0
Chamoli,5,3,3,0,1,0,11,8,21,21,0,2
Champawat,3,48,2,19,3,0,10,7,13,14,7,0
Dehradun,33,414,73,179,62,0,445,134,578,579,213,82
Haridwar,73,120,181,192,113,0,839,142,292,294,148,8
Nainital,18,432,115,125,75,0,206,64,126,127,102,0
Pauri Garhwal,6,7,16,39,14,0,40,4,34,34,17,0
Pithoragarh,5,23,19,20,8,0,12,6,39,39,11,8
Rudra Prayag,1,3,1,14,0,0,5,2,13,13,2,0
Tehri Garhwal,9,7,20,28,6,0,17,5,20,20,0,0
Udhamsingh Nagar,38,20,179,175,222,0,508,116,271,271,0,0
Uttarkashi,3,2,16,21,15,0,13,10,27,27,8,0
GRP,1,1,1,2,0,0,63,0,2,2,0,0
Cyber Cell,0,0,0,0,0,0,0,0,0,0,0,0
Alipurduar,35,470,40,154,41,3,159,1,68,69,154,56
Asansol-Durgapur PC,56,192,23,114,19,0,307,9,397,398,110,0
Bankura,60,549,51,97,17,3,102,3,81,81,97,108
Barrackpur PC,77,1138,622,266,18,14,672,7,1085,1088,169,0
Bidhannagar PC,17,120,71,63,12,0,209,0,661,662,118,0
Birbhum,81,841,33,114,25,84,207,4,148,149,241,19
Coochbehar,70,286,45,445,76,122,214,0,99,103,121,0
Dakshin Dinajpur,40,761,20,319,21,1,117,0,60,60,140,29
Darjeeling,20,125,69,64,8,8,123,0,75,76,90,0
Hooghly Rural Police,56,94,20,156,23,0,272,1,229,229,130,0
Howrah GRP,6,0,2,2,0,3,152,0,2,4,0,0
Howrah PC,44,303,40,229,16,4,289,3,243,244,192,0
Howrah Rural,59,836,24,186,20,8,102,15,127,127,92,0
Jalpaiguri,50,147,23,180,28,0,255,1,137,137,232,0
Jhargram,27,138,24,84,6,0,70,0,31,31,33,0
Kharagpur GRP,1,2,1,1,0,1,144,0,3,3,0,0
Kolkata,45,4512,250,346,11,16,1246,8,1879,1882,1222,0
Malda,105,1968,75,471,137,23,445,3,195,225,243,0
Murshidabad Police District,116,2862,90,443,134,0,211,0,208,215,130,0
Paschim Medinipur,110,1390,291,727,43,134,743,7,78,78,272,0
Purab Medinipur,71,81,49,700,54,40,331,7,95,95,312,41
Purulia,51,785,34,49,10,0,100,3,34,34,44,0
Sealdah GRP,17,18,1,4,0,2,106,0,5,5,4,0
Siliguri GRP,4,0,3,3,0,0,78,0,0,0,0,0
Siliguri PC,34,720,63,287,15,2,467,0,528,528,150,235
Baruipur Police,83,762,30,348,62,0,327,11,529,530,109,0
Chandannagar PC,16,52,19,57,9,0,107,1,219,219,76,0
Diamond Harbour Police,44,708,43,155,18,0,150,0,108,109,162,0
Kalimpong,9,24,8,28,3,5,35,0,16,16,15,0
Purba Bardhaman,98,627,86,277,45,0,199,0,322,324,506,0
Sundarban Police,41,843,38,218,26,7,124,4,147,147,133,0
Barasat,52,1356,70,173,19,0,253,0,237,237,166,0
Basirhat,39,849,24,399,26,0,100,0,114,114,37,0
Bangaon,20,781,80,152,36,0,106,0,210,212,0,0
Islampur,39,393,4,93,22,8,132,0,21,22,95,238
Jangipur Police District,42,441,26,132,10,0,108,0,57,68,46,0
Krishnagar,76,847,45,417,69,0,199,0,238,247,127,0
Raiganj,35,727,10,164,23,3,165,1,98,98,129,178
Ranaghat,38,146,38,222,21,0,106,1,120,120,57,0
South Andaman,12,43,19,6,12,0,15,11,21,21,77,0
North & Middle Andaman,4,12,11,1,3,0,4,4,5,5,17,0
Nicobar,0,2,2,0,0,0,1,0,1,1,2,0
Chandigarh,17,106,37,154,74,0,757,93,167,168,128,10
D&N Haveli,11,22,4,18,2,0,30,32,17,17,50,4
Daman,3,5,2,28,1,0,30,12,14,14,12,1
Diu,0,2,1,2,0,0,4,2,0,0,6,0
Central,20,354,180,229,103,0,8873,195,239,240,199,10
Crime Branch,0,0,1,1,0,0,2,0,88,88,0,0
East,21,399,136,318,85,0,15389,134,203,203,227,6
EOW,0,0,0,0,0,0,0,0,169,169,0,0
IGI Airport,1,1,6,0,1,0,220,0,121,121,24,16
Metro,0,3,9,0,0,0,2416,4,15,15,1,0
New Delhi,2,33,27,33,12,0,1523,20,228,252,118,9
North,24,274,115,346,51,0,14358,317,302,302,283,11
North-East,41,607,111,536,87,0,19183,113,148,148,288,6
North-West,35,394,124,338,97,0,19211,171,191,192,212,1
Outer,46,444,115,554,80,0,14891,217,238,238,244,6
RAILWAY,2,2,1,10,0,0,2249,0,6,7,1,0
South,36,286,125,334,99,0,12127,217,346,346,265,10
South-East,32,445,233,479,130,0,14384,251,506,506,394,15
South-West,17,196,122,317,101,0,9510,130,273,273,313,13
Spl Cell,0,0,8,0,0,0,0,0,117,122,0,0
SPUWAC,0,0,0,0,0,0,0,0,0,0,0,0
Vigilance,0,0,0,0,0,0,0,0,0,0,0,0
West,29,288,144,323,84,0,16224,160,394,394,282,14
Rohini,46,261,128,354,74,0,13086,179,245,245,159,15
Shahdara,12,329,115,211,54,0,11483,216,267,270,145,11
Dwarka,43,559,280,472,133,0,15847,128,494,495,359,46
Outer North,52,403,88,672,59,0,9005,185,241,241,256,21
Kargil,4,5,2,1,1,0,4,3,8,8,92,0
Leh,1,28,3,3,1,0,6,8,13,13,95,2
Lakshadweep,1,17,1,0,0,6,7,0,1,1,1,2
